{"cameraMode":{"drawMode":0,"name":"Shaded","section":"Shading Mode"},"sceneLighting":true,"audioPlay":false,"sceneViewState":{"m_AlwaysRefresh":false,"showFog":true,"showSkybox":true,"showFlares":true,"showImageEffects":true,"showParticleSystems":true,"showVisualEffectGraphs":true,"m_FxEnabled":true},"in2DMode":false,"pivot":{"x":298.8997802734375,"y":439.23699951171877,"z":-156.90626525878907},"rotation":{"x":-0.10647454857826233,"y":0.21606220304965974,"z":0.023391302675008775,"w":0.9706640839576721},"size":504.6722106933594,"orthographic":false}